image_file,extracted_text
image_1.jpg,
image_10.jpg,"NEW LOOK,
SAME TRUSTED QUALITY.

PSYLLIUM
HUSK
oo.

Be
"
image_100.jpg,
image_1000.jpg,
image_1001.jpg,
image_1002.jpg,
image_1003.jpg,"@. 5
"
image_1004.jpg,
image_1005.jpg,
image_1006.jpg,"ECORCE DE SAULE BLANC BIO

"
image_1007.jpg,
image_1008.jpg,"'SCHWER UND STABIL GENUG.

"
image_1009.jpg,
image_101.jpg,
image_1010.jpg,
image_1011.jpg,
image_1012.jpg,
image_1013.jpg,"Ibs Weight
35L Capacity

=

Remy"" « 130em/51""
Padded shop.
"
image_1014.jpg,"MIXER MELTS’
"
image_1015.jpg,
image_1016.jpg,
image_1017.jpg,"Hohe Qualitat

"
image_1018.jpg,"Hohe Qualitat

"
image_1019.jpg,"]
"
image_102.jpg,"KIM JOHANSON

ws un spe os

Kaul Produktevon
Us urd spare 20%

Dukannst unsere Artikel ansehen, wenn a
‘ut Kim Johanson direkt beim Produit ket

"
image_1020.jpg,
image_1021.jpg,"Directions: Take 1oz to 202m the morning when
You awake, swish around your mouth ike 8
mouthwash hold for 20 seconde & then swallow.
Take 102 to oz at right before bedtime, swish
round your mouth ike mouthwash, Hod or 20
Seconds & then swallow,

Ingredients: Apple Cer Vinegar w/ Mother,
Lemon duce, Honey, Water (sediment, carbon
fitration, reverse osmosis & ultraviolet
dsinection, Ginger Cayenne Pepper, Cloves,
Turmeric, Crnamon,

‘Taste: gnger/spey Taste dsappears
from mouth and thvoat
within seconds,

"
image_1022.jpg,
image_1023.jpg,
image_1024.jpg,
image_1025.jpg,
image_1026.jpg,
image_1027.jpg,
image_1028.jpg,
image_1029.jpg,"WASHING INSTRUCTION

"
image_103.jpg,
image_1030.jpg,"os

2003-2015 for Chevrolet 'EXpress!
2003-2015 for GMC Savana

"
image_1031.jpg,
image_1032.jpg,
image_1033.jpg,
image_1034.jpg,
image_1035.jpg,
image_1036.jpg,
image_1037.jpg,
image_1038.jpg,
image_1039.jpg,
image_104.jpg,"ep GEE

gitoe ty
"
image_1040.jpg,"Size:6.69°3.54°1.97in

"
image_1041.jpg,
image_1042.jpg,
image_1043.jpg,
image_1044.jpg,"[DMSO Gel - mit Aloe Vera
Vorteile auf einen Blick

@ Ban
“

"
image_1045.jpg,
image_1046.jpg,
image_1047.jpg,
image_1048.jpg,
image_1049.jpg,
image_105.jpg,
image_1050.jpg,
image_1051.jpg,
image_1052.jpg,"Silicone Full Body
Reborn Baby Doll

"
image_1053.jpg,
image_1054.jpg,"92.8°20.6MM
Weight: 19.39

Length: 606m
"
image_1055.jpg,"3161 Staines ste

AAR zircon

i—jg—

Chan enti demt2snches)
‘Not Weight: 20.9 (pendantéchain)
"
image_1056.jpg,
image_1057.jpg,
image_1058.jpg,
image_1059.jpg,
image_106.jpg,
image_1060.jpg,
image_1061.jpg,
image_1062.jpg,
image_1063.jpg,"SOFT CLOSE!
Slides are made of thick tee! materials,
{ull extension drawer slides are

rated for 60 Ibs, smoothly and quiet
"
image_1064.jpg,"3-layer-technology

"
image_1065.jpg,"2.98» (1020)

lenath:18.11» (¥en)

"
image_1066.jpg,
image_1067.jpg,
image_1068.jpg,
image_1069.jpg,"Produktbeschreibung
att: Me ite: testa em
ewe: 09646 eg: Ue bene

"
image_107.jpg,"Standfeste Trapezférmige Struktur

"
image_1070.jpg,
image_1071.jpg,"HELMET SIZING CHART

ORIGINS
ome 109259
xchat

"
image_1072.jpg,"thickness:t mm

Weight: 2.49
"
image_1073.jpg,
image_1074.jpg,
image_1075.jpg,
image_1076.jpg,
image_1077.jpg,
image_1078.jpg,"——
"
image_1079.jpg,
image_108.jpg,
image_1080.jpg,
image_1081.jpg,
image_1082.jpg,"YANKee CANDLE”

"
image_1083.jpg,
image_1084.jpg,
image_1085.jpg,
image_1086.jpg,
image_1087.jpg,
image_1088.jpg,
image_1089.jpg,"Spearmint
"
image_109.jpg,
image_1090.jpg,
image_1091.jpg,
image_1092.jpg,
image_1093.jpg,"+ Weigh. 0766
« SpoleStop Length: 1300M

"
image_1094.jpg,"Product Dimensions
Ty

"
image_1095.jpg,
image_1096.jpg,
image_1097.jpg,
image_1098.jpg,"—__

ESsentiat LicHTweisitts
MENS COMES

—

"
image_1099.jpg,
image_11.jpg,
image_110.jpg,
image_1100.jpg,
image_1101.jpg,
image_1102.jpg,
image_1103.jpg,
image_1104.jpg,
image_1105.jpg,
image_1106.jpg,"8

OURS THEIRS

ogame Kenn
gn tts Krona

V semawaneseczemn — X mrss
i so
"
image_1107.jpg,
image_1108.jpg,
image_1109.jpg,"Weight:9.49

DST URET

ig
T06in72.7em

"
image_111.jpg,
image_1110.jpg,
image_1111.jpg,
image_1112.jpg,
image_1113.jpg,"Ss wesome

24°

nm)

Nw:619

Classy looking
Comfortable and smooth on thaalde
"
image_1114.jpg,
image_1115.jpg,
image_1116.jpg,"— 240W Incomparable
Ge Super-Fast Power belivery

"
image_1117.jpg,"fu
6 = |
“—%
"
image_1118.jpg,"in Seconds
Yet Fast Charging

©®

"
image_1119.jpg,"‘Work Fastersétticiently by Incorporating
‘apo240W. to Your Workflow

"
image_112.jpg,
image_1120.jpg,"gowy wo

Moot Your Most Device:

3 Fast Charging Needs

osm om 15M

inn

aay
"
image_1121.jpg,"Walkers
g
"
image_1122.jpg,
image_1123.jpg,"HOW TO CHOOS

‘Curtains width|
30) TL) aoxz

"
image_1124.jpg,
image_1125.jpg,
image_1126.jpg,
image_1127.jpg,
image_1128.jpg,
image_1129.jpg,
image_113.jpg,
image_1130.jpg,
image_1131.jpg,"Pocket Size

"
image_1132.jpg,
image_1133.jpg,"choose your perfect

sleep position

"
image_1134.jpg,
image_1135.jpg,
image_1136.jpg,"cH
"
image_1137.jpg,
image_1138.jpg,"UGHT WEIGHT \
FOLDABLE DESIGN x

"
image_1139.jpg,
image_114.jpg,"INFORMATION

"
image_1140.jpg,
image_1141.jpg,
image_1142.jpg,"Einfach auf- und
zusammenklappbar

Traglast: 15kg

Bi tet
Teel
"
image_1143.jpg,
image_1144.jpg,
image_1145.jpg,
image_1146.jpg,
image_1147.jpg,
image_1148.jpg,
image_1149.jpg,"PREMIUM COLLAGEN

Supplement Facts

‘SLENB.
"
image_115.jpg,
image_1150.jpg,"BEAUTY BLEND

Supports beautiful skin, hair & nails

BIOTIN
GRASS-FED Bo OTN
206 t

"
image_1151.jpg,"THIS PRODUCT |S ALWAYS,

"
image_1152.jpg,
image_1153.jpg,"INGREDIENTS

GMO FREE &

GLUTEN FREE
SOY FREE

a FISH FREE
SUGAR FREE

DAIRY FREE

"
image_1154.jpg,"gh2ZELy »

"
image_1155.jpg,"TT a
Nution Facts

Adin Deo

"
image_1156.jpg,"Nutrition Facts

Galores” 140

"
image_1157.jpg,
image_1158.jpg,
image_1159.jpg,
image_116.jpg,"FEEDING RECOMMENDATIONS
upto

20KG | 12

BODYWrT. | BONES/DAY

MORETHAN

20KG 2104

Bopywr [BONes/Day

‘ORAS RECOMMENDED BY
‘THE VETERINARIAN

"
image_1160.jpg,"Fir Needle
&Pine
2

Paras
"
image_1161.jpg,
image_1162.jpg,"48V 10.50

4g

"
image_1163.jpg,"BILBERRY
|| Se a

"
image_1164.jpg,
image_1165.jpg,"%> REAL BREWED

4%» COLD-STEEPED

> 100% NATURAL
PRESERVATIVES

SYNTHETIC COLOR
ARTIFICIAL FLAVOR

"
image_1166.jpg,
image_1167.jpg,
image_1168.jpg,
image_1169.jpg,
image_117.jpg,"HYDRATION
HELPER’
>,

me}
ia
el
S
=a
iv)

"
image_1170.jpg,
image_1171.jpg,
image_1172.jpg,
image_1173.jpg,
image_1174.jpg,
image_1175.jpg,
image_1176.jpg,
image_1177.jpg,"Peach + Perse + (Vinramen

ee

"
image_1178.jpg,"Horney Suekle Bouquet

"
image_1179.jpg,"Total weight - 2009

"
image_118.jpg,"NOUVEAU LOOK.

"
image_1180.jpg,
image_1181.jpg,
image_1182.jpg,
image_1183.jpg,"WEIGHT GAINER

"
image_1184.jpg,
image_1185.jpg,
image_1186.jpg,
image_1187.jpg,"Kaikale’
* —..

2

alata
"
image_1188.jpg,"Ventilatore @

Piantana 4 e
"
image_1189.jpg,"Ventilatore @

Piantana 4 e
"
image_119.jpg,"REHYDRATATION RAPIDE
‘APRES LE SPORTETLAFETE,

ae
"
image_1190.jpg,
image_1191.jpg,"Extremely Safe & Reliable

"
image_1192.jpg,
image_1193.jpg,
image_1194.jpg,
image_1195.jpg,"Dimensions

Rotated Voltage: 110V-
Rated Power 250
Weight-2.79 KG
‘Timer: 1-10 Hours
‘Turning Angle: 90°

"
image_1196.jpg,
image_1197.jpg,
image_1198.jpg,
image_1199.jpg,
image_12.jpg,
image_120.jpg,"FULL METAL SPINNING REEL

SUPER LIGHT
ONLY 264G
La ee

"
image_1200.jpg,
image_1201.jpg,
image_1202.jpg,"316 Staines Stel

"
image_1203.jpg,"COURMAYEUR MEDIUM

780
FP
"
image_1204.jpg,
image_1205.jpg,
image_1206.jpg,
image_1207.jpg,
image_1208.jpg,"Stainless ste!

fa 1

hain enehoem2ainches)
Net Weg: 58.25 (pendantechain)
"
image_1209.jpg,
image_121.jpg,"=<] Dog weight
2 wal 2

> Be

ae 34g | 36k | 304 |
9/6 OI]
a

Bee slg
EEE als]

gene
EEE ai

4

"
image_1210.jpg,
image_1211.jpg,
image_1212.jpg,
image_1213.jpg,"ETA)
"
image_1214.jpg,
image_1215.jpg,
image_1216.jpg,
image_1217.jpg,"ee
‘ope
"
image_1218.jpg,
image_1219.jpg,"nematnRatnnle

‘mts atan Soa
ores

‘Sigma reas

"
image_122.jpg,
image_1220.jpg,
image_1221.jpg,
image_1222.jpg,"&

fT

>,

@ill
"
image_1223.jpg,
image_1224.jpg,
image_1225.jpg,
image_1226.jpg,
image_1227.jpg,
image_1228.jpg,"PURPLE CORN

GHA MoRADA eA DIN

Bee

"
image_1229.jpg,
image_123.jpg,
image_1230.jpg,
image_1231.jpg,"Dimensioni del Prodotto

"
image_1232.jpg,
image_1233.jpg,
image_1234.jpg,"selerde
Eisen intensiv
aa

"
image_1235.jpg,"Wirkstoff:
1Hartkapsel enthalt:
350 mg Kieselerde

Glutenfrei, ohne
Milchzucker
"
image_1236.jpg,"Pass Diamond Tester

eo ‘
ebasc J
"
image_1237.jpg,"Aj math: ten.
"
image_1238.jpg,
image_1239.jpg,
image_124.jpg,
image_1240.jpg,
image_1241.jpg,"Tanti genaah | eonan ag

ea tee
tee eee
ate eee

Samat | nna ena
Sisuat/amian fez oe

ae ee

[poner meen en lerrmnlnin aay
"
image_1242.jpg,
image_1243.jpg,
image_1244.jpg,"n

THEIRS

X sear
HK rnin on,
K coe red

X net anteaetie re
"
image_1245.jpg,
image_1246.jpg,"FRSA: NE Boosh te

ASMA: Pe
ABM: 1m
Path: Osa

Pan: aoe

WEA: 245124 55.508

"
image_1247.jpg,"24.55,

"
image_1248.jpg,
image_1249.jpg,
image_125.jpg,"TO SUPPORT
ENERGY &

"
image_1250.jpg,"© verre
"
image_1251.jpg,"‘Smmn(0.19"")

‘s8mm(2.28"".

"
image_1252.jpg,
image_1253.jpg,
image_1254.jpg,
image_1255.jpg,
image_1256.jpg,
image_1257.jpg,
image_1258.jpg,
image_1259.jpg,
image_126.jpg,"&

"
image_1260.jpg,
image_1261.jpg,
image_1262.jpg,
image_1263.jpg,"BIKE SIZE.CHART

"
image_1264.jpg,
image_1265.jpg,
image_1266.jpg,
image_1267.jpg,
image_1268.jpg,"Weight179

"
image_1269.jpg,
image_127.jpg,"‘SUPPORTS MUSCLE PROTEIN SYITHESIS
DECREASE PROTEIN CATABOLISM
ENHANCED RECOVERY
ena case Const

"
image_1270.jpg,
image_1271.jpg,
image_1272.jpg,"Sprung ins
gauderlan?

"
image_1273.jpg,"(ARTEMISININ)

"
image_1274.jpg,
image_1275.jpg,
image_1276.jpg,
image_1277.jpg,
image_1278.jpg,
image_1279.jpg,
image_128.jpg,
image_1280.jpg,
image_1281.jpg,
image_1282.jpg,
image_1283.jpg,
image_1284.jpg,
image_1285.jpg,
image_1286.jpg,"Hr.)

Hsien)

"
image_1287.jpg,"Hr.)

Hsien)

"
image_1288.jpg,
image_1289.jpg,
image_129.jpg,
image_1290.jpg,
image_1291.jpg,
image_1292.jpg,
image_1293.jpg,"‘Smal
"
image_1294.jpg,
image_1295.jpg,"CD.
ssn
"
image_1296.jpg,".4M2000-3000 Series Specification List

ftom color Be

1g_Gear Ratio, Weight,

tom MaxDrag Line Capacity(PE-M)

S00) raat Pese som Pese eb ess 26m

"
image_1297.jpg,
image_1298.jpg,
image_1299.jpg,"High Quality

"
image_13.jpg,
image_130.jpg,"Aeighs12.86
"
image_1300.jpg,
image_1301.jpg,
image_1302.jpg,
image_1303.jpg,
image_1304.jpg,"Nahrwerte

Durchschnittliche Nahrwerte
pro 1009

Energie 1.470 kJ / 347 kcal
Fett 49
- davon gesattigte Fettsduren 0,3 9

Kohlenhydrate Tg
- davon Zucker 229
Ballaststoffe 4,69
Eiwei8 10g

Salz 0,019
"
image_1305.jpg,"750M | 2eeMPH | T-Speed
"
image_1306.jpg,
image_1307.jpg,"RANR6X

Wearra Fs
ise eat
fn am

—
<-
"
image_1308.jpg,
image_1309.jpg,"/ 4
"
image_131.jpg,
image_1310.jpg,
image_1311.jpg,
image_1312.jpg,
image_1313.jpg,"PRODUCT DIMENSIONS

"
image_1314.jpg,"PRODUCT DIMENSIONS

"
image_1315.jpg,
image_1316.jpg,"BA

—
"
image_1317.jpg,"Weight:12.39
"
image_1318.jpg,"CD00). ox Swith Units
lead
L
Dk

"
image_1319.jpg,
image_132.jpg,
image_1320.jpg,
image_1321.jpg,"eign: 249 (oxcsnganteone)
"
image_1322.jpg,
image_1323.jpg,"TY
"
image_1324.jpg,
image_1325.jpg,
image_1326.jpg,
image_1327.jpg,
image_1328.jpg,"YIAR

XS Bm pia Oa
a
Mo tem BAO caw
Ly me aa
"
image_1329.jpg,"User-Friendhy
and Secure” Maria

"
image_133.jpg,
image_1330.jpg,
image_1331.jpg,"High Tensile Thickened
Steel-Safer & Rust-Resistant

"
image_1332.jpg,
image_1333.jpg,"gat
"
image_1334.jpg,
image_1335.jpg,
image_1336.jpg,
image_1337.jpg,"se, Chain length:S00mm_
© Weight:8.5g

"
image_1338.jpg,"Kleiderstangen Grise

Hares, ‘nie
"
image_1339.jpg,
image_134.jpg,"YANK@e CANDLE""

"
image_1340.jpg,
image_1341.jpg,"Abs Cubic Zirconia

5825 string Siver
ec wegn289

si 7ie/sieinie ip
cuz 0 a|s [naiwel vz
CIES wesc ICACICaC)
mt lus) wa 2 [as| 2 bo

Ea tiree

"
image_1342.jpg,
image_1343.jpg,
image_1344.jpg,"‘em-4dem Lng Carta Rod
(—)

‘Sie | Range | Hols

"
image_1345.jpg,"Peron gee

toa

st

o

m tm

"
image_1346.jpg,"SPECIFICATIONS.

[Serome {Sesame
"
image_1347.jpg,
image_1348.jpg,
image_1349.jpg,"Pink
"
image_135.jpg,
image_1350.jpg,"g

ed ae
"
image_1351.jpg,
image_1352.jpg,"Senate

Guida per l'acat
‘ep opm as

if

16
ad

i
H

"
image_1353.jpg,
image_1354.jpg,"BATTERY PAPAMETER

"
image_1355.jpg,
image_1356.jpg,
image_1357.jpg,
image_1358.jpg,
image_136.jpg,
image_137.jpg,
image_138.jpg,
image_139.jpg,
image_14.jpg,"bay PROMOTES
haul) DIGESTIVE HEALTH
P]) HIGH IN ANTIOXIDANTS
+. COMBATS DISEASES
"
image_140.jpg,
image_141.jpg,
image_142.jpg,"AEROLITE Socescaras
"
image_143.jpg,"PROMAX’ ¢
"
image_144.jpg,
image_145.jpg,"Internat and
External lightweight Materials

ORCRORS)
"
image_146.jpg,"‘

"
image_147.jpg,
image_148.jpg,
image_149.jpg,
image_15.jpg,
image_150.jpg,"IGIKESSER’

"
image_151.jpg,
image_152.jpg,
image_153.jpg,
image_154.jpg,"PICTURE FRAME SIZE DIAGRAM

"
image_155.jpg,
image_156.jpg,"16mm

Pendant weight 79,

oxsnm)
"
image_157.jpg,"2.613 ees)
Neca ent: Svser(20«2 inne Reszabe
enna
"
image_158.jpg,"FOR BEST RESULT COMBINE

Immuni
Broduces
"
image_159.jpg,"me VA |

<n Wa

CEsisnm Meter Saige

a ‘Sarason
Beg me
-~_

Sm
"
image_16.jpg,"other
brands

X Loose pectsing
X mpurtis aded

K oot net bow ent
XC Added preserves

"
image_160.jpg,"Lightweight & Packable o
AE

OA

"
image_161.jpg,
image_162.jpg,
image_163.jpg,"3
"
image_164.jpg,
image_165.jpg,
image_166.jpg,
image_167.jpg,
image_168.jpg,"Sine: 7-1 Woight: 21g
laterial: Titanium steel (stainless steel)

width: 2. 10

Wall thickness :02an-04em
"
image_169.jpg,"Earent
Free aize for women and gis
"
image_17.jpg,
image_170.jpg,
image_171.jpg,
image_172.jpg,"igen

Y 98% sisteicn
"
image_173.jpg,"NATURAL bigahie
SWEETNESS

NO et

Es taste
without the action ot ser,

"
image_174.jpg,"EASY
SQUEEZY!

"
image_175.jpg,"EASY
SQUEEZY!

"
image_176.jpg,
image_177.jpg,"Color Difference Description

"
image_178.jpg,"GUIA DE DOSIS DIARIA
PEQUERO

_—

sas
iy

GRANDE

"
image_179.jpg,
image_18.jpg,
image_180.jpg,
image_181.jpg,
image_182.jpg,
image_183.jpg,
image_184.jpg,"Up to of Power Delivery
for Rapid Charging

‘charging rate

‘Support PD 3.0/P0 2.00C 2.0/6 3.0/AFC
"
image_185.jpg,"Durable &
Tangle-Free

Reiorces Cable Joint

J

other

qT)
"
image_186.jpg,"‘Strengthen Stainless End Tip

ng
"
image_187.jpg,
image_188.jpg,"Wr

Data Transfer

up to 5Gbps
"
image_189.jpg,"et
"
image_19.jpg,
image_190.jpg,
image_191.jpg,
image_192.jpg,"2.20 inch CAPACITY
—— _ som

225ineh

weit
‘100gm

"
image_193.jpg,
image_194.jpg,"“rraLiry

CREATINE
GUMMIES

"
image_195.jpg,"CREATINE

GUMMIES

"
image_196.jpg,
image_197.jpg,"‘SUGGESTED USE:

=. Iii
"
image_198.jpg,
image_199.jpg,
image_2.jpg,
image_20.jpg,
image_200.jpg,
image_201.jpg,"INHANCED WITH A’
ROVEN MUSCLE &
STRENGTH BUILDER

N
* waxeroi: * )
INCREDIBLE
TASTE WHEY
GOLD
SUPERIOR ~~~
PROTEIN 2

SOURCES

"
image_202.jpg,
image_203.jpg,"Lightto.459 More comfortable

"
image_204.jpg,"BAN <
Ly

«
a
"
image_205.jpg,"‘COOPERATIVA ORIGINE
faameLiane GIAPPONE
Caistor dal 1977 om

"
image_206.jpg,"RELAX ROCKING MECHANISM

"
image_207.jpg,
image_208.jpg,
image_209.jpg,"FRIBE: ler atritonnals

"
image_21.jpg,
image_210.jpg,"ONT

"
image_211.jpg,"AO@OOKaICH
"
image_212.jpg,
image_213.jpg,
image_214.jpg,
image_215.jpg,"xe Butchers

uc

z< Butcher’
vce

sures 62

"
image_216.jpg,
image_217.jpg,
image_218.jpg,
image_219.jpg,"Package contents

"
image_22.jpg,"ONE SIZE FITS ALL

"
image_220.jpg,
image_221.jpg,"Dest
i

"
image_222.jpg,
image_223.jpg,
image_224.jpg,
image_225.jpg,
image_226.jpg,
image_227.jpg,"IL""
"
image_228.jpg,"voviv vv

amauta Any:
"
image_229.jpg,"bh
i! i Mii
i
5 i |
1 i=:
i

"
image_23.jpg,
image_230.jpg,
image_231.jpg,
image_232.jpg,"lt i
r=
Ma
ie i aid nah

"
image_233.jpg,
image_234.jpg,
image_235.jpg,"Brennwert: — 635,7 KJ/151,8 kcal

Fett: 788
davon gesattigte Fettsauren:3,1g
Kohlenhydrate: 028
davon Zucker: 008
Eiweig: 738

Salz; 1658
"
image_236.jpg,
image_237.jpg,"@aevauue *
COFFEE JAR BOX
"
image_238.jpg,"Io}
COBEVZILLA

COFFEE JAR BOX

"
image_239.jpg,
image_24.jpg,
image_240.jpg,
image_241.jpg,
image_242.jpg,
image_243.jpg,"Net Content:150GM
"
image_244.jpg,"PRODUCT DISPLAY

"
image_245.jpg,"PRODUCT DETAILS

"
image_246.jpg,
image_247.jpg,
image_248.jpg,
image_249.jpg,
image_25.jpg,
image_250.jpg,
image_251.jpg,
image_252.jpg,
image_253.jpg,
image_254.jpg,"eee

I=""
Eo}

"
image_255.jpg,
image_256.jpg,
image_257.jpg,
image_258.jpg,"TH

Be ANG

es)
"
image_259.jpg,
image_26.jpg,
image_260.jpg,
image_261.jpg,
image_262.jpg,"JACQUARD WEBTECHNI

VW Keine Druckforben

SY Ausbleichsicher
Y 100% Aeyptische

Boumwolte

"
image_263.jpg,"Precise
measurement

2 One GEES
oo
oe 0°

Adjustable Strap

"
image_264.jpg,
image_265.jpg,"‘TRUSTED BY THE WORLD'S BEST
ATHLETES FOR 35 YEARS

"
image_266.jpg,
image_267.jpg,"ON SERIOUS oe

|ENERIC MA

"
image_268.jpg,"SUPPORTS WEIGHTS.
Mi SING

"
image_269.jpg,
image_27.jpg,
image_270.jpg,
image_271.jpg,
image_272.jpg,
image_273.jpg,"PRODUCT PARAMETER

"
image_274.jpg,"Sap eng 7.2 12
waigeoatig

"
image_275.jpg,
image_276.jpg,"What You Get?

"
image_277.jpg,"eee 222 OO

a
"
image_278.jpg,
image_279.jpg,
image_28.jpg,
image_280.jpg,
image_281.jpg,
image_282.jpg,
image_283.jpg,
image_284.jpg,
image_285.jpg,
image_286.jpg,
image_287.jpg,"ain
"
image_288.jpg,"Portable and lightweight

"
image_289.jpg,"High Quality Black Plated
"
image_29.jpg,
image_290.jpg,
image_291.jpg,
image_292.jpg,
image_293.jpg,"Used with 20w charger
"
image_294.jpg,
image_295.jpg,
image_296.jpg,
image_297.jpg,
image_298.jpg,"Product Detail

"
image_299.jpg,"PASSGENAU FUR DAS. an,

KINDERBETT tui Pe

7

@
"
image_3.jpg,
image_30.jpg,"Carvomin
Veroungstesten

"
image_300.jpg,
image_301.jpg,"43
"
image_302.jpg,
image_303.jpg,"(Weight: 13.802)

Capacity: 1a0z/a20m1y

"
image_304.jpg,
image_305.jpg,
image_306.jpg,"fashion Sewely

"
image_307.jpg,
image_308.jpg,
image_309.jpg,"Soscom
"
image_31.jpg,"carom

"
image_310.jpg,"Far Bete Rests We Recent Minus age
{e.3Pak Each of BRESTONE Cam & Cape

"
image_311.jpg,"oa eal Cherry Liqueur Chocolates Box 315g.

i pera imanah cst
soe a
Salon's cotarigenei oe

Sent Te nant
mrt

Seyi od ce ne,

i

RD eee 1:8 ee te ang KAS
[2S jc
"
image_312.jpg,"Product parameters

/

oe ie
ae

speigme ang
"
image_313.jpg,
image_314.jpg,"we
2 e@
"
image_315.jpg,
image_316.jpg,
image_317.jpg,"‘The flow rate is about
Biter minute
"
image_318.jpg,
image_319.jpg,
image_32.jpg,"8 carvomini

"
image_320.jpg,
image_321.jpg,
image_322.jpg,
image_323.jpg,
image_324.jpg,
image_325.jpg,
image_326.jpg,
image_327.jpg,
image_328.jpg,"SUNN

PROTEIN

"
image_329.jpg,
image_33.jpg,"SSE

Carvomii
"
image_330.jpg,"a
IN CAFFEINE?
"" @

0B Sa,
"
image_331.jpg,"a 2X CAFFEINE’

"
image_332.jpg,
image_333.jpg,"oS =

a 2 a

l0mey Tenaya,

>
"
image_334.jpg,
image_335.jpg,
image_336.jpg,"7J= os

Or.
_
"
image_337.jpg,"opr»

25
sz
Es

‘TD xgahan Ane!

yw) ye

=e z
Pea E

"
image_338.jpg,"Product Details

"
image_339.jpg,
image_34.jpg,"Lill?
"
image_340.jpg,
image_341.jpg,
image_342.jpg,"""Please Take Off the Case
Before Charging

(Comoe win Caseon)

"
image_343.jpg,"“eS
x

»
S

ee

*Bateria de 36V-8AH
"
image_344.jpg,"HEAL

"
image_345.jpg,"NN,
foro iw tin
Wet ot entant 1805
‘Woah ot nan 1409
: ‘Meat String Ste
Ea ‘ye Pan
Seep
"
image_346.jpg,
image_347.jpg,
image_348.jpg,
image_349.jpg,
image_35.jpg,
image_350.jpg,
image_351.jpg,"eee 276.06
"
image_352.jpg,
image_353.jpg,
image_354.jpg,"0/0710/1200m

"
image_355.jpg,"Supplement Facts

"
image_356.jpg,"Hemorrhoids Care Cushion

"
image_357.jpg,"Bei stirkeren
kérperlichen / betont
seelischen Beschwerden

Enthalt zwei hochwertige
Pflanzenextrakte

Exzellente bis gute
Vertraglichkeit’

"
image_358.jpg,"Weniger Hitzewallungen’

Weniger depressive
Verstimmungen'

Verbesserte
Schlafeffizienz?

"
image_359.jpg,"Warum remifemin® plus
Johanniskraut?

i remifemin,

a=

© Stark und hormontret

© Prtanalich und sehr gut vertrilich

Etfiiente Therapie, auch nach
© insetzen einer Hormontherapie 4
"
image_36.jpg,"How to Use

"
image_360.jpg,"about: 259
"
image_361.jpg,
image_362.jpg,
image_363.jpg,
image_364.jpg,
image_365.jpg,
image_366.jpg,"PRODUCT DIMENSIONS

ae

wee: 10516
OU: 201.
"
image_367.jpg,
image_368.jpg,
image_369.jpg,"CHIP CHOPS
CHICKEN & COD ROLL
DOG TREAT

"
image_37.jpg,"‘7 FREEWHEELS B00W 36
‘GABEL MINDESTEREIE 135M
HINTERRAD MIT BRUSHLESS MOTOR
"
image_370.jpg,"Benefits CHP HOR

"
image_371.jpg,
image_372.jpg,
image_373.jpg,"Tremble Cle ard hom
Coffee 60% | Chicory 40%

NET WEIGHT: 2

INSTANT COFFEE.
CHICORY ibTURE:
"
image_374.jpg,
image_375.jpg,
image_376.jpg,"‘No toxins & polatants

Bigdeoraggle ond
peel

+ Burns upte 30 Hours

"
image_377.jpg,
image_378.jpg,
image_379.jpg,
image_38.jpg,"‘7 FREEWHEELS B00W 36
‘GABEL MINDESTEREIE 135M
HINTERRAD MIT BRUSHLESS MOTOR
"
image_380.jpg,
image_381.jpg,
image_382.jpg,"72W
[560X370X50MM]
"
image_383.jpg,
image_384.jpg,"=~ i
"
image_385.jpg,
image_386.jpg,
image_387.jpg,
image_388.jpg,"!
4
Hi
i
A
|
i

© @ 6 ©
"
image_389.jpg,"——|

54w

(anno

rH
"
image_39.jpg,
image_390.jpg,"ILONG
FOR

YOUR
KISS.

"
image_391.jpg,"a

Blueberries Dried
erry

"
image_392.jpg,
image_393.jpg,
image_394.jpg,"‘TAL PROTENS

LLAGEN

PEPTIDE

"
image_395.jpg,"20 ase

wee
x

‘luten 6 Dalry
"
image_396.jpg,
image_397.jpg,
image_398.jpg,
image_399.jpg,
image_4.jpg,
image_40.jpg,"warm soft and ventite
(ea) eet sme
Coe cere
"
image_400.jpg,"INFORMATION

"
image_401.jpg,"PRODUCT PARAMETER

"
image_402.jpg,"fleece lined+ 4
240g Cotton 4

Breathable & Warm

"
image_403.jpg,"ALL- NATURAL AND
ORGANIC

"
image_404.jpg,"ORGANIC WATERMELON
HEMP GUMMIES

BENEFITS

© SUPPORT
HEALTHY REST

© HELPS SUPPORT
RELAXATION

© HELPS SOOTHE SORENESS
‘AND DISCOMFORT

© MAINTAN YOUR
‘QUALITY OF LFE

"
image_405.jpg,
image_406.jpg,
image_407.jpg,"SKIN FRIENDLY

"
image_408.jpg,"MEDICAL ALERT BRACELETS.
ARE EASY TO SET UP, WEAR, AND USE

"
image_409.jpg,"Madelaine

PREMIUM
CHOCOLATE

"
image_41.jpg,
image_410.jpg,"he LB #48

Se OR
eA.
taba wre pee pts 0 ee

Ci fone
children Do tes fs a

"
image_411.jpg,"Madelaine

PREMIUM
CHOCOLATE

"
image_412.jpg,
image_413.jpg,
image_414.jpg,"FUNCTION

®
"
image_415.jpg,
image_416.jpg,"ocr,

18cm

aes
"
image_417.jpg,
image_418.jpg,
image_419.jpg,"A Great Leap in Power Life

"
image_42.jpg,"hot chocolate

7S

"
image_420.jpg,"TOKG kepazitar-

"
image_421.jpg,
image_422.jpg,"PRODUCT PARAMETER,

"
image_423.jpg,
image_424.jpg,"SSS

ok,
"
image_425.jpg,"creas cle 409K S80
#96) 10.4 AH Battery
"
image_426.jpg,
image_427.jpg,
image_428.jpg,
image_429.jpg,
image_43.jpg,
image_430.jpg,"20W Fast Charger Cable

"
image_431.jpg,
image_432.jpg,
image_433.jpg,
image_434.jpg,
image_435.jpg,
image_436.jpg,
image_437.jpg,
image_438.jpg,
image_439.jpg,
image_44.jpg,
image_440.jpg,
image_441.jpg,
image_442.jpg,
image_443.jpg,
image_444.jpg,
image_445.jpg,"SOLELY

pie
"
image_446.jpg,"if
wT

i

44
Wy

§
"
image_447.jpg,"Profitez des films inclus
avec votre TV BRAVIA

¥10 Films en haute qualité
24 Mois de streaming ilimité

"
image_448.jpg,
image_449.jpg,
image_45.jpg,
image_450.jpg,
image_451.jpg,"DETOX DEPUR

"
image_452.jpg,"GiFoLD &

FOLDING
EXERCISE MAT

"
image_453.jpg,
image_454.jpg,"Eg ENERG*

Zhongshan Fanshuo Lighting Co., Ltd.
1-30W

"
image_455.jpg,
image_456.jpg,
image_457.jpg,
image_458.jpg,
image_459.jpg,"‘Wheat ChinSem + Sem/18+2incher
Neeweight 589
"
image_46.jpg,
image_460.jpg,
image_461.jpg,
image_462.jpg,"Hygienisch und sauber
slayer-techaology

‘et seine
‘sone, “uae

®) (ye
"
image_463.jpg,"Gross Weight: 18.17 oz

NTT
"
image_464.jpg,"GUARANTEED

12 Month manufacturing warranty

Ez | boll
"
image_465.jpg,
image_466.jpg,
image_467.jpg,"ssQ08z, OINOIH }

w

\ we
"
image_468.jpg,
image_469.jpg,"T-GIEBEN SIE | 2-LASSEN SIEIHN

3-DRUCKEN SIE | 4-GENIEGEN SIE
"
image_47.jpg,
image_470.jpg,"Weight Capacity 250 LBS

"
image_471.jpg,
image_472.jpg,
image_473.jpg,
image_474.jpg,
image_475.jpg,
image_476.jpg,
image_477.jpg,
image_478.jpg,
image_479.jpg,
image_48.jpg,"JACQUARD
KNITTED MATERIAL

2006SM

\tiesiee, Ae

"
image_480.jpg,
image_481.jpg,
image_482.jpg,
image_483.jpg,
image_484.jpg,
image_485.jpg,
image_486.jpg,
image_487.jpg,
image_488.jpg,
image_489.jpg,
image_49.jpg,"KOMFORT-PAKET Ga
\

"
image_490.jpg,
image_491.jpg,
image_492.jpg,
image_493.jpg,
image_494.jpg,
image_495.jpg,
image_496.jpg,"‘Weight: 18 inches 29 kg, 20 inches 3.1 kg
"
image_497.jpg,"PRODUCT INFORMATION

"
image_498.jpg,"Power through
workouts.

"
image_499.jpg,
image_5.jpg,"PSYLLIUM
HUSK

(HOO)
Bs)

"
image_50.jpg,
image_500.jpg,"Conse

Wat) ok

15-Shts

to Ws aii

Bites

{Da ade

BBs

De has

KBD

15-tu |Diesoady

"
image_501.jpg,
image_502.jpg,
image_503.jpg,
image_504.jpg,
image_505.jpg,
image_506.jpg,"~~. | (Res
ull
a
"
image_507.jpg,
image_508.jpg,
image_509.jpg,
image_51.jpg,"High Quality Polyester Fabric
‘ronal day 6 Onan
wom

Qy

"
image_510.jpg,"DIMENSION

"
image_511.jpg,
image_512.jpg,
image_513.jpg,
image_514.jpg,
image_515.jpg,"©8066

INGREDIENTS
WORK
"
image_516.jpg,
image_517.jpg,
image_518.jpg,"INFORMATION

"
image_519.jpg,
image_52.jpg,
image_520.jpg,"7in/18cm

Product Material: PVC
Product Weight: 1.1 Ib/500g
"
image_522.jpg,"2>
"
image_523.jpg,
image_524.jpg,"a

"
image_525.jpg,"TRUSTED BY THE WORLD'S BEST
ATHLETES FOR 35 YEARS,

%
"
image_526.jpg,"OIE in
WITH WHEY PROTEIN
ISOLATE]

AS PRIMARY SOURCE

"
image_527.jpg,"‘TRIAL PACK
ROnTnaGo
"
image_528.jpg,
image_529.jpg,
image_53.jpg,
image_530.jpg,"Side Grip Provides more
Durabity and Lifting

Ti

25K

"
image_531.jpg,"er"".

ad kraft seeds

"
image_532.jpg,
image_533.jpg,
image_534.jpg,
image_535.jpg,"KAJAHY
OIL

"
image_536.jpg,
image_537.jpg,
image_538.jpg,
image_539.jpg,
image_54.jpg,
image_540.jpg,
image_541.jpg,
image_542.jpg,
image_543.jpg,"235mm/9.25inch

EE
re

~<

im
bal
"
image_544.jpg,"19.9""19.4MM
Weight:6.19

Length:45+5cm
"
image_545.jpg,"‘QUALITY Is oUR TORERIORIN:
AANDITIS THIRD PARTE

"
image_546.jpg,
image_547.jpg,
image_548.jpg,
image_549.jpg,
image_55.jpg,
image_550.jpg,
image_551.jpg,
image_552.jpg,
image_553.jpg,
image_554.jpg,"PORRASSO

Weph: 0.6543

aa

"
image_555.jpg,
image_556.jpg,
image_557.jpg,
image_558.jpg,"INFORMATION ,

"
image_559.jpg,"23cm
"
image_56.jpg,"a
"
image_560.jpg,"YUEMA MBBIpreac Bin

"
image_561.jpg,
image_562.jpg,
image_563.jpg,"o
PROTEIN
"
image_564.jpg,"100% crains

"
image_565.jpg,"nto

Ma gluten Grew
Ay DAIRY-FREE

"
image_566.jpg,"‘Nutrition Facts|

Poseaieotie)

"
image_567.jpg,"ENERGY BLEND

"
image_568.jpg,
image_569.jpg,"a

5-MINUTE CHARGING

>
"
image_57.jpg,
image_570.jpg,"mui

Mh

\ ee

LP lee = =F
"
image_571.jpg,"MAGA

gummies
"
image_572.jpg,"Amazing Benefits t
of Maca Gummies

"
image_573.jpg,
image_574.jpg,"Organic Maca Root

Vegan Gumiies

«

"
image_575.jpg,"MAGA
gummies

"
image_576.jpg,"st i pin
"
image_577.jpg,"Erst 1, dann 2
"
image_578.jpg,"donn 3, dann 4...

"
image_579.jpg,
image_58.jpg,
image_580.jpg,"CIOCCOLATO

"
image_581.jpg,
image_582.jpg,"ket iagst Persie AMsertye
"
image_583.jpg,"MERLIN ®.
"
image_584.jpg,
image_585.jpg,
image_586.jpg,
image_587.jpg,"Mac creudrnc:)
Min Gireumference: Zin
"
image_588.jpg,
image_589.jpg,"ce ale
1 7
2mm—4
som

w

weight:23g
"
image_59.jpg,
image_590.jpg,
image_591.jpg,"Portable carrer bag
1.05kg /3702

"
image_592.jpg,"a,
"
image_593.jpg,
image_594.jpg,"a
"
image_595.jpg,
image_596.jpg,
image_597.jpg,"SUPPLEMENT FACTS

"
image_598.jpg,
image_599.jpg,
image_6.jpg,
image_60.jpg,"PREMIUM QUALITY
INGRIDIENTS

Po —fiign quay

CREATINE
Sonstonare

BCaa
SEORAINE

"
image_600.jpg,
image_601.jpg,"Product Weight-15 grams

Diameter-2.6 inch
‘Openable

Diameter-2.6 inch

"
image_602.jpg,
image_603.jpg,
image_604.jpg,
image_605.jpg,
image_606.jpg,
image_607.jpg,
image_608.jpg,
image_609.jpg,"GOODNESS OF
GREEN TEA

"
image_61.jpg,"DESIGNED FOR
EXTREME GAINS

Support weight ©

(F musete euitsing
Muscle size ©
‘Strength

‘tf Rapid Muscle
} Recovery

/, Reduce Muscle
‘Break down

}

"
image_610.jpg,
image_611.jpg,
image_612.jpg,
image_613.jpg,"PRECAUTIONS & NOTE *
Herbal

ferbab

"
image_614.jpg,"*
Herbal

IST ALHINOI
(SAUSSUREA cosTUS)

"
image_615.jpg,
image_616.jpg,
image_617.jpg,"VITAWORKS'
vids

"
image_618.jpg,"weight: 20g
"
image_619.jpg,"Product Details

Os

mews
"
image_62.jpg,
image_620.jpg,"= Ovi

OMAUCOHOL

== SUPPORI
an, GUMMIES:

oe

"
image_621.jpg,
image_622.jpg,
image_623.jpg,"ENJOY A
>. YOGURT
y¥ SMOOTHIE

"
image_624.jpg,
image_625.jpg,
image_626.jpg,
image_627.jpg,
image_628.jpg,"©utshine
Enjoy Four Delicious
‘Smoothie Flavors

"
image_629.jpg,
image_63.jpg,"60w

6.6001m
"
image_630.jpg,
image_631.jpg,
image_632.jpg,
image_633.jpg,
image_634.jpg,"lo e

ur FOR MADEN
MANNER CeRMANY
)) TESTOR! | ©
vunrenstorzr HocHDosteRTE
MUSKE —__ TROPFEN
wachsTum Sais.
"
image_635.jpg,"[ANWENDUNG: MORGENS 5 PIPETTEN
‘TROPFEN UNTER DIE ZUNGE TROPFEN,

"
image_636.jpg,"[ANWENDUNG
eI TESTOSTERON
MANGEL

"
image_637.jpg,"KEURIG
K:lced’

"
image_638.jpg,"icra

"
image_639.jpg,"LYN™
9 HEAVY DUTY. WORK

4 ah ;
"
image_64.jpg,
image_640.jpg,
image_641.jpg,".48V500W high speed front drive motor

"
image_642.jpg,".48V500W high speed front drive motor

"
image_643.jpg,"ravocomy

"
image_644.jpg,"| Miilhtt, pL
"
image_645.jpg,
image_646.jpg,
image_647.jpg,
image_648.jpg,
image_649.jpg,
image_65.jpg,"DENDROBIUM & MU
Bb fy

"
image_650.jpg,
image_651.jpg,"Not easy to fade
You can'play with confidence

"
image_652.jpg,
image_653.jpg,
image_654.jpg,"Arjun Chh
"
image_655.jpg,
image_656.jpg,
image_657.jpg,"How TO USE|

"
image_658.jpg,
image_659.jpg,
image_66.jpg,"ERBAL DROPS OF DENDROBIUM]
{AND PISTLUSExTRAGTS

"
image_660.jpg,"[o}

ASAFOETIDA

"
image_661.jpg,
image_662.jpg,"LE BALLON PARFAIT POUR
TON DOMAINE

ae —
"
image_663.jpg,
image_664.jpg,
image_665.jpg,
image_666.jpg,
image_667.jpg,"HIGH DURABILITY =
No worries

"
image_668.jpg,
image_669.jpg,
image_67.jpg,
image_670.jpg,"ge
"
image_671.jpg,"ge
"
image_672.jpg,"wus

Weight:109
"
image_673.jpg,
image_674.jpg,"4
"
image_675.jpg,
image_676.jpg,"X
&
"
image_677.jpg,
image_678.jpg,
image_679.jpg,"Fiir eine gesunde Verdauung°

=<

Darm-Care

"
image_68.jpg,
image_680.jpg,
image_681.jpg,
image_682.jpg,
image_683.jpg,
image_684.jpg,"9
"
image_685.jpg,"WEIGHT COMPARISON

"
image_686.jpg,"POWERFUL LOAD-BEARING CAPACITY

"
image_687.jpg,
image_688.jpg,"4.5kg

PRO PLAN

a (>|

us
"
image_689.jpg,"SEATS UPTO 3

wognmty

"
image_69.jpg,
image_690.jpg,
image_691.jpg,
image_692.jpg,"fi
i

f
i

iS
Pi z
—___

3°
"
image_693.jpg,
image_694.jpg,"Hot Flash {ot Flash

"
image_695.jpg,
image_696.jpg,
image_697.jpg,
image_698.jpg,
image_699.jpg,
image_7.jpg,"PSYLLIUM
HUSK
T=)
as:

Horbtect
"
image_70.jpg,"ee

INFORYVTION

zy

2 ————

a
"
image_700.jpg,"aS 2a g
"
image_701.jpg,
image_702.jpg,"Fits 4.x 6 inch photos

"
image_703.jpg,
image_704.jpg,
image_705.jpg,
image_706.jpg,"PRODUCT SIZE

"
image_707.jpg,"CUSCINI COPRISEDIA
UNICA MISURA MADE IN ITALY

eZ,

wen rovgro mma,

wWARRS
"
image_708.jpg,"i
"
image_709.jpg,
image_71.jpg,
image_710.jpg,
image_711.jpg,"Dimensions

Weight Capacity: 250.85

"
image_712.jpg,"Weight: 5.78 oz

"
image_713.jpg,
image_714.jpg,"‘Smaller,Lighter,Stronger

>

"
image_715.jpg,
image_716.jpg,
image_717.jpg,
image_718.jpg,"New Packaging
ame Fo

"
image_719.jpg,
image_72.jpg,
image_720.jpg,"2,000mg Organic Mushroom Superfood
Per Serving for Optimal Support

coroycers
"
image_721.jpg,
image_722.jpg,
image_723.jpg,
image_724.jpg,
image_725.jpg,
image_726.jpg,
image_727.jpg,"a ee 368 228 cg er
i uty Sein Zine ow al Pang
"
image_728.jpg,
image_729.jpg,
image_73.jpg,
image_730.jpg,"SIZE CHART

wero

151908
Fea]

35K6 45
46-746
10KG above

"
image_731.jpg,"HIGH CAPACITY

1,000 pages

—

"
image_732.jpg,
image_733.jpg,
image_734.jpg,
image_735.jpg,"EASY TO MANEUVER AND STORE
"
image_736.jpg,"2023 Bluetooth 5.3
ONE STEP AUTO PAIRING

"
image_737.jpg,
image_738.jpg,
image_739.jpg,
image_74.jpg,
image_740.jpg,
image_741.jpg,
image_742.jpg,
image_743.jpg,
image_744.jpg,"fight sites ofthe chain

Smim(0.tinch)
"
image_745.jpg,"Product Dimension

"
image_746.jpg,"Lancia
Cognicare

Mn 9
"
image_747.jpg,
image_748.jpg,"Set:
Nitnang 7:
Ue

"
image_749.jpg,"162mm

"
image_75.jpg,
image_750.jpg,"Weight: 3409

tater Meta et elon Gold
Finish Polished
‘Width 0465em
"
image_751.jpg,
image_752.jpg,
image_753.jpg,
image_754.jpg,"© Betestigen ohne botren
© Hohenversteibar
_wischen 65 is 275m

Fixing without cing

© Height ocstable rom
65 00.275cm
"
image_755.jpg,
image_756.jpg,"Product Information

[Nemefosing unger | wight2209
MaterakPVC Sine 25em""70em
Color RoxeBNav Be

—
"
image_757.jpg,"HIGH CAPACITY

3,000 pages

—

"
image_758.jpg,"cities, Ysye moos cae

"
image_759.jpg,"fr
"
image_76.jpg,"All Natural
Ingredients

"
image_760.jpg,
image_761.jpg,"| una
* WAU)
Mm | WAU

"
image_762.jpg,"son

ae
"
image_763.jpg,
image_764.jpg,"‘SuPer

sRIGHT LED FLOOD LIGHT OUTDOOR

7

CE Lemna nate
"
image_765.jpg,"ADVANCED HEAT DISSIPATIO

eo
es
(to)

"
image_766.jpg,"Eg ENERG*

Zhongshan Fanshuo Lighting Co., Ltd.

"
image_767.jpg,
image_768.jpg,
image_769.jpg,
image_77.jpg,"All day snack
for boosting energy

"
image_770.jpg,
image_771.jpg,
image_772.jpg,"Pendant Light Fitting E27

DPW FE

"
image_773.jpg,"nme)
"
image_774.jpg,
image_775.jpg,
image_776.jpg,
image_777.jpg,"Staness Stet

Stanless see!

Welt 650
"
image_778.jpg,
image_779.jpg,
image_78.jpg,"(Nutrition Facts

"
image_780.jpg,"carer no
MONE CoS
APA TOU egy (ME
dot ale

very Be.

CHILDREN
Saal
"
image_781.jpg,"Perfect Scented Candle Gifts for Mom

No marrer HOW
HARD LIFE GETS
AT UAST YOU
DONT HAVE

CHILDREN

"
image_782.jpg,
image_783.jpg,
image_784.jpg,
image_785.jpg,"Product parameters:

gy aon
Ben
"
image_786.jpg,
image_787.jpg,
image_788.jpg,"size:6/7/8/9
Moight:9. 18
"
image_789.jpg,
image_79.jpg,"Available in
TWO OTHER DIFFERENT
FLAVOURS

"
image_790.jpg,
image_791.jpg,
image_792.jpg,
image_793.jpg,"Secs ing + Moti $905 Ser
sWegre27s «Mons Agate 0

"
image_794.jpg,"Po 1ew

30s

‘Supports Power Delivery

"
image_795.jpg,
image_796.jpg,
image_797.jpg,"FOCUS AJUSTABLE SK68
TACTICAL FLASHLIGHT

"
image_798.jpg,
image_799.jpg,
image_8.jpg,"PSYLLIUM
HUSK

100)

"
image_80.jpg,
image_800.jpg,"PRODUCT DETAILS

"
image_801.jpg,"Also Includes:

EY

wos
"
image_802.jpg,
image_803.jpg,"aL LaLAE ar Lain

ae
tenn

eomn
(26008

gaan
tonne
Gorn
"
image_804.jpg,
image_805.jpg,"Ring size options: US size 7, 8,9, 10,11, 12.13.14

"
image_806.jpg,
image_807.jpg,"How To Connect LED Strip Lights?

"
image_808.jpg,
image_809.jpg,
image_81.jpg,
image_810.jpg,
image_811.jpg,
image_812.jpg,"PERFECTLOOK""

"
image_813.jpg,"000000

"
image_814.jpg,
image_815.jpg,"‘i6280%36mm

Giosy fostes
"
image_816.jpg,
image_817.jpg,"E12 Bulb Base

"
image_818.jpg,
image_819.jpg,
image_82.jpg,
image_820.jpg,
image_821.jpg,
image_822.jpg,
image_823.jpg,
image_824.jpg,"SPERMIDIN
FORTE

"
image_825.jpg,"Universal Compatibility

"
image_826.jpg,
image_827.jpg,
image_828.jpg,
image_829.jpg,
image_83.jpg,"Suggested
Storage

Store in a cool,
dry place after
opening. am

_yae®

"
image_830.jpg,"Karivepaku Jaitie-
Pod
~ oF

"
image_831.jpg,"SEER""

"
image_832.jpg,
image_833.jpg,
image_834.jpg,
image_835.jpg,
image_836.jpg,
image_837.jpg,
image_838.jpg,
image_839.jpg,"EINFACHE ANWENDUI
"
image_84.jpg,
image_840.jpg,
image_841.jpg,
image_842.jpg,
image_843.jpg,"Product Information

aS

"
image_844.jpg,"BB

©
"
image_845.jpg,
image_846.jpg,
image_847.jpg,
image_848.jpg,
image_849.jpg,"Weight: 406
"
image_85.jpg,
image_850.jpg,"rere en tones sa
eden ted | OH ona EI

Tere | SU
Seine ae ses
et neeisttae [sn] 2 | ©
ae Steer) Sag | ay
vat ay] my | us
Slane fe

San as mH) om |

eps
iatatatewene |2| 6

aa Foe pe
Sine as

aineare [eM
"
image_851.jpg,
image_852.jpg,
image_853.jpg,"Full HD 1080P

HO Disp no eke

"
image_854.jpg,
image_855.jpg,"Please measure your couch
before purchasing
"
image_856.jpg,
image_857.jpg,
image_858.jpg,
image_859.jpg,")

Wie .
"
image_86.jpg,"beri On ca)
Fett 4 509

tamsitigetetsiver 339
Iti 1109
{avon tucker 1409
tives 19
Sa O09

"
image_860.jpg,
image_861.jpg,
image_862.jpg,"Selective selective tive

select
RATURAIS NATURALS

MEADOW

LOOPS:
"
image_863.jpg,"selective
S&RSERVS

"
image_864.jpg,
image_865.jpg,
image_866.jpg,"22cm

Q_ escm
"
image_867.jpg,"Ajustable Links+Free Removal Tool

Wp 0
"
image_868.jpg,"$a: $e S|

"
image_869.jpg,
image_87.jpg,
image_870.jpg,
image_871.jpg,
image_872.jpg,
image_873.jpg,
image_874.jpg,
image_875.jpg,"Cas
a
Fool)
"
image_876.jpg,
image_877.jpg,"PRODOTTO IN
ITALIA

"
image_878.jpg,"LA NOSTRA
FORMULA.

"
image_879.jpg,"tvot mat cic 1 ——
sasen FSUicem ConTRo}

PRODOTTOIN =<}
ITALIA &
"
image_88.jpg,"oh ee owe

"
image_880.jpg,"‘Ata Capacit di Copie*
BK 10000 copie

"
image_881.jpg,
image_882.jpg,"ia
ASTAXANTHIN

24 MG

"
image_883.jpg,"name
DIFFERENCE: RS i i

Snaumua"""" 24mg 12mg 10mg
Lromanines OQ @ @®
ou eet eo ® ®
ratte  O @® ®@
Q ® ®

epee bath

"
image_884.jpg,"What are the Benefits of

ojenaton
Llposoma Teenotogy
(eter Abeorton
"
image_885.jpg,
image_886.jpg,"Living well starts with
Rapsdayci Supplements.
Just 1 Hiqui

wotel Bes
provides s4mg

Liposomal Astaxanthi

QUALITY MATTERS
"
image_887.jpg,"1.10” AMOLED Display
HD Touch Color Sereen
Enjoy a

"
image_888.jpg,
image_889.jpg,
image_89.jpg,
image_890.jpg,"[El] meemane*

7” Japanese Santoku Ki

cme tented

a
“(thins

| tne) fst

Weight:022185 985¢)
"
image_891.jpg,"La; Lee: ve
"
image_892.jpg,
image_893.jpg,
image_894.jpg,
image_895.jpg,
image_896.jpg,
image_897.jpg,
image_898.jpg,
image_899.jpg,
image_9.jpg,"YLLIUM
40
"
image_90.jpg,
image_900.jpg,
image_901.jpg,
image_902.jpg,"Mio¥sukus
STURDY FOR LONG
TERM us

(33048)
7

WW
"
image_903.jpg,
image_904.jpg,"‘SPIELEN WIE DIE PROFIS

40+ mm)

i

0,86MmM|

279l

"
image_905.jpg,
image_906.jpg,
image_907.jpg,
image_908.jpg,
image_909.jpg,
image_91.jpg,"Nutrition Facts

3 Pieces (429)

"
image_910.jpg,"+ SENZA ALLERGEN EGLUTINE

+ sunsonsomctORe on rae
‘TENT ALLA SOSTE

"
image_911.jpg,"FEI CACAD CON LO LSE I CANAPA PER NFUSD

a> Sees)
"
image_912.jpg,
image_913.jpg,
image_914.jpg,"Product Dimensions
"
image_915.jpg,
image_916.jpg,
image_917.jpg,
image_918.jpg,"Ags FPS
ig Site
. Ming.)
"
image_919.jpg,
image_92.jpg,
image_920.jpg,"a
ae

»
"
image_921.jpg,"Keep it in a cool, dry place
Once its opened, it must be kept in
an airtight container.

NET WEIGHT 250g (8.8 oz) e
"
image_922.jpg,"Natural dates,

"
image_923.jpg,
image_924.jpg,
image_925.jpg,
image_926.jpg,"WORLD'S 1° AND PATENTED (398320)
UNIQUE AND FOR YOUR PHYSIQUE

"
image_927.jpg,
image_928.jpg,
image_929.jpg,"FLIP 18

"
image_93.jpg,
image_930.jpg,"Multiple protections

"
image_931.jpg,"14D £1
HD}
"
image_932.jpg,
image_933.jpg,
image_934.jpg,"Details & Size

‘Motel Stoless sel. Pg plating. Enamel!
Went 339

"
image_935.jpg,"Long beard dal old
wage ee

"
image_936.jpg,"=

ay / |

SAW PALMETTO
MACA ROOT
eee

Sea 0.
"
image_937.jpg,
image_938.jpg,"aca Ror, |

Someneo

0c 20 neh
"
image_939.jpg,
image_94.jpg,
image_940.jpg,
image_941.jpg,
image_942.jpg,"Net Weight:124g
"
image_943.jpg,
image_944.jpg,
image_945.jpg,"‘TYPE-D INTERFACE

"
image_946.jpg,
image_947.jpg,
image_948.jpg,
image_949.jpg,
image_95.jpg,"‘a
"
image_950.jpg,
image_951.jpg,
image_952.jpg,"‘SPECIFICATIONS.

"
image_953.jpg,
image_954.jpg,"8 VECES MAS RESISTENTE

1000 KG DREAMZIE

"
image_955.jpg,
image_956.jpg,"PATRIOTIC
y

"
image_957.jpg,"PATRIOTIC
y

"
image_958.jpg,
image_959.jpg,
image_96.jpg,
image_960.jpg,
image_961.jpg,"aa aan

em cm
‘Net 99

‘en's
week
"
image_962.jpg,
image_963.jpg,
image_964.jpg,"Dimensions

"
image_965.jpg,
image_966.jpg,
image_967.jpg,
image_968.jpg,
image_969.jpg,
image_97.jpg,
image_970.jpg,
image_971.jpg,"Nett hy

‘aximum Retail Price®) 599.
(tose ofa Taxes)

LotNo,
Check Bottom
Packed on
"
image_972.jpg,"Sealed Bottle
"
image_973.jpg,
image_974.jpg,
image_975.jpg,
image_976.jpg,
image_977.jpg,
image_978.jpg,
image_979.jpg,
image_98.jpg,"Oi @}

= (a)

Is)!
] Hey @)

(GREEN COFFEE
"
image_980.jpg,"Net weigh 459

[7 je)s) wine \

"
image_981.jpg,"“Ai

=)

tech-
"
image_982.jpg,
image_983.jpg,
image_984.jpg,
image_985.jpg,"eas

"
image_986.jpg,
image_987.jpg,"WIRELESS CONNECTION

an toe wt being og on

oer Wii —<$=— seater 7
WON SD 8p
"
image_988.jpg,
image_989.jpg,"Please measure your couch
before purchasing

= ee

TEL a
ce

"
image_99.jpg,"165 Thick High Bade 304 Stinless Stal

"
image_990.jpg,
image_991.jpg,
image_992.jpg,
image_993.jpg,
image_994.jpg,
image_995.jpg,
image_996.jpg,
image_997.jpg,
image_998.jpg,
image_999.jpg,
